FAB,2020,2021,2022,2023,2024,TOTAL,SHARE,CUM_SHARE
FAB52,75392655.34454046,153988936.81199998,242106648.18120015,279819538.9343997,265041621.68760046,1016349400.9597408,0.20976690214335764,0.20976690214335764
FAB83,54247383.36039977,82678293.08640003,126630480.15720007,140456908.75319985,143105395.36679983,547118460.7239995,0.11292115142995178,0.32268805357330943
FAB44,38097025.223359525,53210619.813599974,77452994.31840003,110192558.76000014,117520690.90320006,396473889.0185597,0.08182924041832247,0.4045172939916319
FAB53,44290005.14608794,52787952.482400015,78328847.76119994,89442472.28759995,91025027.32680011,355874305.0040879,0.07344979043883448,0.47796708443046637
FAB22,54433273.30415249,63772483.83120002,73069890.4152001,72093147.35759994,74032987.99680005,337401782.9049526,0.06963720026871066,0.547604284699177
FAB14,46173397.863203995,47146044.58919997,70860352.5864001,82785290.72759996,62379959.965199985,309345045.73160404,0.06384649990961552,0.6114507846087925
FAB61,28175218.366708335,49083440.61600002,61467963.36119995,50482437.81840006,73423753.30080001,262632813.46310836,0.05420544512480391,0.6656562297335964
FAB13,23745309.47492416,42111048.88440002,48468073.863599986,66058902.51839991,77900857.27200009,258284192.01332414,0.0533079222362638,0.7189641519698602
FAB60,22460872.03855705,32836239.788399983,44848211.77080004,58059250.39439989,66454671.8988,224659245.89095694,0.046367985265606135,0.7653321372354663
